<packageInfo>
  <packageIdentifier>runAJobCli.2</packageIdentifier>
  <fileMaps>
    <fileMap>
      <from>cli.bat</from>
      <to>../../runAJobCli/cli.bat</to>
    </fileMap>
    <fileMap>
      <from>cli.sh</from>
      <to>../../runAJobCli/cli.sh</to>
    </fileMap>
    <fileMap>
      <from>lib</from>
      <to>../../runAJobCli/lib</to>
    </fileMap>
    <fileMap>
      <from>log4j_default.properties</from>
      <to>../../runAJobCli/log4j_default.properties</to>
    </fileMap>
    <fileMap>
      <from>restenv_default.properties</from>
      <to>../../runAJobCli/restenv_default.properties</to>
    </fileMap>
    <fileMap>
      <from>runAJobCli.jar</from>
      <to>../../runAJobCli/runAJobCli.jar</to>
    </fileMap>
    <fileMap>
        <from>runAJob_backup.sh</from>
        <to>../../runAJobCli/runAJob_backup.sh</to>
    </fileMap>
    <fileMap>
        <from>runAJob_backup.bat</from>
        <to>../../runAJobCli/runAJob_backup.bat</to>
    </fileMap>
  </fileMaps>
</packageInfo>	
